{"cameraMode":{"drawMode":0,"name":"Shaded","section":"Shading Mode"},"sceneLighting":true,"audioPlay":false,"sceneViewState":{"showFog":true,"showMaterialUpdate":true,"showSkybox":true,"showFlares":true,"showImageEffects":true,"showParticleSystems":true},"in2DMode":false,"pivot":{"x":47.92975616455078,"y":-186.88031005859376,"z":423.58319091796877},"rotation":{"x":0.19553253054618836,"y":-0.009412303566932679,"z":0.0018767277942970396,"w":0.9806503057479858},"size":3286.1328125,"orthographic":false}